{"is_cabin_empty": {"accuracy": null, "precision": null, "recall": null, "f1_score": null, "sample_count": 0, "detectability": {"accuracy": 0.8711656441717791, "precision": 0.0, "recall": 0.0, "f1_score": 0.0, "sample_count": 4890}}, "is_high_position": {"accuracy": 0.9797195253505933, "precision": 0.9534711964549483, "recall": 0.9765506807866868, "f1_score": 0.9648729446935725, "sample_count": 4635, "detectability": {"accuracy": 0.9772822885990745, "precision": 0.9935691318327974, "recall": 0.9834500318268619, "f1_score": 0.9884836852207294, "sample_count": 4754}}, "is_safety_rope_used": {"accuracy": null, "precision": null, "recall": null, "f1_score": null, "sample_count": 0, "detectability": {"accuracy": 0.8789366053169734, "precision": 0.0, "recall": 0.0, "f1_score": 0.0, "sample_count": 4890}}, "is_person_show": {"accuracy": 0.8493090590041675, "precision": 0.8918988648090815, "recall": 0.9280536912751678, "f1_score": 0.9096171556374161, "sample_count": 4559, "detectability": {"accuracy": 0.965720294426919, "precision": 0.9804301075268818, "recall": 0.9844526020297992, "f1_score": 0.9824372373666631, "sample_count": 4755}}, "is_material_storage_safe": {"accuracy": 0.325, "precision": 0.6086956521739131, "recall": 0.19310344827586207, "f1_score": 0.2931937172774869, "sample_count": 200, "detectability": {"accuracy": 0.8344940598115527, "precision": 0.32679738562091504, "recall": 0.33557046979865773, "f1_score": 0.33112582781456956, "sample_count": 4882}}, "is_no_suspended_loads": {"accuracy": null, "precision": null, "recall": null, "f1_score": null, "sample_count": 0, "detectability": {"accuracy": 0.8750511247443763, "precision": 0.0, "recall": 0.0, "f1_score": 0.0, "sample_count": 4890}}, "wearing_gloves": {"accuracy": 0.9370904325032765, "precision": 0.9612167300380228, "recall": 0.9656226126814362, "f1_score": 0.9634146341463414, "sample_count": 1526, "detectability": {"accuracy": 0.43013008812421316, "precision": 0.9896238651102465, "recall": 0.3610979649787033, "f1_score": 0.529126213592233, "sample_count": 4766}}, "are_wires_not_on_branches": {"accuracy": 0.9032258064516129, "precision": 1.0, "recall": 0.9032258064516129, "f1_score": 0.9491525423728814, "sample_count": 31, "detectability": {"accuracy": 0.8695741195741196, "precision": 0.07077625570776255, "recall": 0.11877394636015326, "f1_score": 0.08869814020028613, "sample_count": 4884}}, "is_road_closure_operations": {"accuracy": 0.9517534537725824, "precision": 0.5625, "recall": 0.15319148936170213, "f1_score": 0.2408026755852843, "sample_count": 4705, "detectability": {"accuracy": 0.990534286916281, "precision": 0.9991505627521767, "recall": 0.9913611462284029, "f1_score": 0.9952406134320465, "sample_count": 4754}}, "are_wires_hung": {"accuracy": 1.0, "precision": 1.0, "recall": 1.0, "f1_score": 1.0, "sample_count": 31, "detectability": {"accuracy": 0.8689330329715339, "precision": 0.07175925925925926, "recall": 0.11481481481481481, "f1_score": 0.08831908831908832, "sample_count": 4883}}, "wearing_clothes": {"accuracy": 0.9307432432432432, "precision": 0.9525222551928784, "recall": 0.9759310869014441, "f1_score": 0.9640845951695658, "sample_count": 4144, "detectability": {"accuracy": 0.9429410530732116, "precision": 0.9459027619265008, "recall": 0.9916247906197655, "f1_score": 0.9682242990654205, "sample_count": 4767}}, "is_dig_work": {"accuracy": 0.9693747341556784, "precision": 0.9872881355932204, "recall": 0.6229946524064172, "f1_score": 0.7639344262295082, "sample_count": 4702, "detectability": {"accuracy": 0.9899032393773665, "precision": 0.9991500212494687, "recall": 0.9907290349768226, "f1_score": 0.9949217096910706, "sample_count": 4754}}, "is_electrical_work": {"accuracy": 0.9811080450010613, "precision": 0.971830985915493, "recall": 0.4423076923076923, "f1_score": 0.6079295154185022, "sample_count": 4711, "detectability": {"accuracy": 0.9917963819941102, "precision": 0.9991516436903499, "recall": 0.9926253687315634, "f1_score": 0.9958778141845471, "sample_count": 4754}}, "is_under_hook_clear": {"accuracy": 1.0, "precision": 0.0, "recall": 0.0, "f1_score": 0.0, "sample_count": 1, "detectability": {"accuracy": 0.8719574555123747, "precision": 0.0024330900243309003, "recall": 0.004608294930875576, "f1_score": 0.0031847133757961785, "sample_count": 4889}}, "cylinder_located_properly": {"accuracy": 0.6346153846153846, "precision": 0.8050314465408805, "recall": 0.6066350710900474, "f1_score": 0.6918918918918919, "sample_count": 312, "detectability": {"accuracy": 0.793345732589378, "precision": 0.582089552238806, "recall": 0.2867647058823529, "f1_score": 0.3842364532019704, "sample_count": 4839}}, "is_proper_anchor_used": {"accuracy": 0.0, "precision": 0.0, "recall": 0.0, "f1_score": 0.0, "sample_count": 1, "detectability": {"accuracy": 0.8777096114519427, "precision": 0.002652519893899204, "recall": 0.004484304932735426, "f1_score": 0.0033333333333333335, "sample_count": 4890}}, "firefighting": {"accuracy": 0.917910447761194, "precision": 0.9976190476190476, "recall": 0.8858350951374208, "f1_score": 0.9384098544232923, "sample_count": 1340, "detectability": {"accuracy": 0.5611285266457681, "precision": 0.8769633507853403, "recall": 0.41205412054120544, "f1_score": 0.5606694560669456, "sample_count": 4785}}, "is_confined_space_work": {"accuracy": 0.929073482428115, "precision": 0.5621621621621622, "recall": 0.29213483146067415, "f1_score": 0.3844731977818854, "sample_count": 4695, "detectability": {"accuracy": 0.9884307951198991, "precision": 0.9991487550542668, "recall": 0.9892541087231352, "f1_score": 0.9941768131286395, "sample_count": 4754}}, "is_barrier": {"accuracy": 0.4719341061622941, "precision": 0.9956859361518551, "recall": 0.40069444444444446, "f1_score": 0.5714285714285714, "sample_count": 3278, "detectability": {"accuracy": 0.8294930875576036, "precision": 0.828405357594137, "recall": 0.960445355991796, "f1_score": 0.8895522388059701, "sample_count": 4774}}, "wearing_harnesses": {"accuracy": 0.9633479212253829, "precision": 0.9758203799654577, "recall": 0.9854651162790697, "f1_score": 0.9806190338443738, "sample_count": 1828, "detectability": {"accuracy": 0.7528274727534444, "precision": 0.6349426884334839, "recall": 0.9236988377968671, "f1_score": 0.7525730753396459, "sample_count": 4863}}, "is_resting_in_trenches_prohibited": {"accuracy": 0.8605769230769231, "precision": 0.9518716577540107, "recall": 0.898989898989899, "f1_score": 0.9246753246753247, "sample_count": 208, "detectability": {"accuracy": 0.8322065150583897, "precision": 0.33548387096774196, "recall": 0.3382113821138211, "f1_score": 0.3368421052631579, "sample_count": 4881}}, "worker_located_properly": {"accuracy": 0.6174863387978142, "precision": 0.8988235294117647, "recall": 0.617124394184168, "f1_score": 0.7318007662835249, "sample_count": 732, "detectability": {"accuracy": 0.8516222359991734, "precision": 0.6654545454545454, "recall": 0.6765249537892791, "f1_score": 0.6709440879926672, "sample_count": 4839}}, "is_entrance_clear": {"accuracy": 0.7364705882352941, "precision": 0.7622549019607843, "recall": 0.9539877300613497, "f1_score": 0.8474114441416893, "sample_count": 425, "detectability": {"accuracy": 0.8107443100266557, "precision": 0.46346782988004365, "recall": 0.49649532710280375, "f1_score": 0.47941342357586014, "sample_count": 4877}}, "is_object_secured": {"accuracy": null, "precision": null, "recall": null, "f1_score": null, "sample_count": 0, "detectability": {"accuracy": 0.8787321063394683, "precision": 0.0, "recall": 0.0, "f1_score": 0.0, "sample_count": 4890}}, "is_safe_distance_maintained": {"accuracy": null, "precision": null, "recall": null, "f1_score": null, "sample_count": 0, "detectability": {"accuracy": 0.8754601226993866, "precision": 0.0, "recall": 0.0, "f1_score": 0.0, "sample_count": 4890}}, "not_carry_heavy": {"accuracy": 0.9293375394321767, "precision": 0.9316851008458035, "recall": 0.995135510771369, "f1_score": 0.9623655913978495, "sample_count": 1585,