{"is_proper_anchor_used": {"accuracy": 1.0, "precision": 1.0, "recall": 1.0, "f1_score": 1.0, "sample_count": 2, "detectability": {"accuracy": 0.9519623875715454, "precision": 0.14285714285714285, "recall": 0.008888888888888889, "f1_score": 0.016736401673640166, "sample_count": 4892}}, "is_high_position": {"accuracy": 0.8763900769888794, "precision": 0.6997402597402598, "recall": 1.0, "f1_score": 0.8233496332518337, "sample_count": 4676, "detectability": {"accuracy": 0.9572771872444807, "precision": 0.9927813163481953, "recall": 0.963924963924964, "f1_score": 0.978140361886832, "sample_count": 4892}}, "is_dig_work": {"accuracy": 0.9777420219898096, "precision": 0.9966555183946488, "recall": 0.7842105263157895, "f1_score": 0.8777614138438881, "sample_count": 3729, "detectability": {"accuracy": 0.7632869991823386, "precision": 0.9991961414790996, "recall": 0.7635135135135135, "f1_score": 0.8655988857938719, "sample_count": 4892}}, "form_filled": {"accuracy": null, "precision": null, "recall": null, "f1_score": null, "sample_count": 0, "detectability": {"accuracy": 0.9977514309076042, "precision": 0.0, "recall": 0.0, "f1_score": 0.0, "sample_count": 4892}}, "is_material_storage_safe": {"accuracy": 0.33774834437086093, "precision": 0.7, "recall": 0.12962962962962962, "f1_score": 0.21875, "sample_count": 151, "detectability": {"accuracy": 0.9069910057236305, "precision": 1.0, "recall": 0.24917491749174916, "f1_score": 0.3989431968295905, "sample_count": 4892}}, "is_entrance_clear": {"accuracy": 0.48014440433212996, "precision": 0.8688524590163934, "recall": 0.452991452991453, "f1_score": 0.5955056179775281, "sample_count": 277, "detectability": {"accuracy": 0.874693376941946, "precision": 0.9358108108108109, "recall": 0.31802525832376577, "f1_score": 0.47472150814053127, "sample_count": 4892}}, "is_under_hook_clear": {"accuracy": 0.25, "precision": 0.0, "recall": 0.0, "f1_score": 0.0, "sample_count": 4, "detectability": {"accuracy": 0.9550286181520851, "precision": 0.5, "recall": 0.01818181818181818, "f1_score": 0.03508771929824561, "sample_count": 4892}}, "is_cabin_empty": {"accuracy": null, "precision": null, "recall": null, "f1_score": null, "sample_count": 0, "detectability": {"accuracy": 0.9546197874080131, "precision": 0.0, "recall": 0.0, "f1_score": 0.0, "sample_count": 4892}}, "holding_rope": {"accuracy": 0.4788732394366197, "precision": 0.3426183844011142, "recall": 0.8424657534246576, "f1_score": 0.4871287128712871, "sample_count": 497, "detectability": {"accuracy": 0.6306214227309894, "precision": 0.6530880420499343, "recall": 0.24362745098039215, "f1_score": 0.35487325955016064, "sample_count": 4892}}, "is_resting_in_trenches_prohibited": {"accuracy": 0.660377358490566, "precision": 0.8947368421052632, "recall": 0.7083333333333334, "f1_score": 0.7906976744186046, "sample_count": 53, "detectability": {"accuracy": 0.8828699918233851, "precision": 1.0, "recall": 0.08466453674121406, "f1_score": 0.1561119293078056, "sample_count": 4892}}, "wearing_helmets": {"accuracy": 0.9412571428571429, "precision": 0.9418224299065421, "recall": 0.9980193117108195, "f1_score": 0.9691068638057458, "sample_count": 4375, "detectability": {"accuracy": 0.9468411367818442, "precision": 0.9554487879449661, "recall": 0.9873617693522907, "f1_score": 0.9711431742508324, "sample_count": 4891}}, "worker_located_properly": {"accuracy": 1.0, "precision": 1.0, "recall": 1.0, "f1_score": 1.0, "sample_count": 5, "detectability": {"accuracy": 0.7687589450010223, "precision": 0.7142857142857143, "recall": 0.004409171075837742, "f1_score": 0.008764241893076249, "sample_count": 4891}}, "cylinder_located_properly": {"accuracy": 1.0, "precision": 1.0, "recall": 1.0, "f1_score": 1.0, "sample_count": 4, "detectability": {"accuracy": 0.7675322020036802, "precision": 0.8, "recall": 0.0035087719298245615, "f1_score": 0.0069868995633187774, "sample_count": 4891}}, "is_lifting_operations": {"accuracy": 0.994374497723011, "precision": 0.0, "recall": 0.0, "f1_score": 0.0, "sample_count": 3733, "detectability": {"accuracy": 0.7641046606704824, "precision": 0.9991970021413277, "recall": 0.7643325143325144, "f1_score": 0.8661252900232018, "sample_count": 4892}}, "is_object_secured": {"accuracy": 1.0, "precision": 0.0, "recall": 0.0, "f1_score": 0.0, "sample_count": 1, "detectability": {"accuracy": 0.9548242027800491, "precision": 0.14285714285714285, "recall": 0.004629629629629629, "f1_score": 0.008968609865470852, "sample_count": 4892}}, "is_road_closure_operations": {"accuracy": 0.8228357008844813, "precision": 0.21138211382113822, "recall": 0.6638297872340425, "f1_score": 0.32065775950668035, "sample_count": 3731, "detectability": {"accuracy": 0.7634914145543745, "precision": 0.9989290495314592, "recall": 0.7639230139230139, "f1_score": 0.8657616892911011, "sample_count": 4892}}, "is_confined_space_work": {"accuracy": 0.9601976393082624, "precision": 0.774869109947644, "recall": 0.8338028169014085, "f1_score": 0.8032564450474898, "sample_count": 3643, "detectability": {"accuracy": 0.7457072771872445, "precision": 0.9991771804717499, "recall": 0.7459049959049959, "f1_score": 0.8541617819460727, "sample_count": 4892}}, "are_wires_not_on_branches": {"accuracy": 0.8571428571428571, "precision": 1.0, "recall": 0.85, "f1_score": 0.918918918918919, "sample_count": 42, "detectability": {"accuracy": 0.9515535568274734, "precision": 0.8076923076923077, "recall": 0.15613382899628253, "f1_score": 0.2616822429906542, "sample_count": 4892}}, "is_person_show": {"accuracy": 0.8460352422907489, "precision": 0.8463742561163765, "recall": 0.9994794377928162, "f1_score": 0.916577157178661, "sample_count": 4540, "detectability": {"accuracy": 0.9446034341782502, "precision": 0.9906174994545058, "recall": 0.9521812080536913, "f1_score": 0.9710191423377179, "sample_count": 4892}}, "safety_line": {"accuracy": 0.9766591676040495, "precision": 0.9845501363223266, "recall": 0.9902498476538696, "f1_score": 0.9873917666717302, "sample_count": 3556, "detectability": {"accuracy": 0.7549059689288634, "precision": 0.996078431372549, "recall": 0.7500527314912466, "f1_score": 0.8557333654193238, "sample_count": 4892}}, "supervisor": {"accuracy": 0.8441108545034642, "precision": 0.9139847864248098, "recall": 0.8582417582417582, "f1_score": 0.8852366109379428, "sample_count": 2598, "detectability": {"accuracy": 0.5643908421913328, "precision": 0.9278571428571428, "recall": 0.5738899933730948, "f1_score": 0.7091579091033166, "sample_count": 4892}}, "is_hook_properly_used": {"accuracy": 1.0, "precision": 0.0, "recall": 0.0, "f1_score": 0.0, "sample_count": 1, "detectability": {"accuracy": 0.9540065412919051, "precision": 0.08333333333333333, "recall": 0.004651162790697674, "f1_score": 0.00881057268722467, "sample_count": 4892}}, "wearing_clothes": {"accuracy": 0.9483490566037736, "precision": 0.9521667061330807, "recall": 0.995789995047053, "f1_score": 0.9734898922648589, "sample_count": 4240, "detectability": {"accuracy": 0.928250204415372, "precision": 0.9366026065827259, "recall": 0.9851301115241635, "f1_score": 0.9602536519080512, "sample_count": 4892}}, "is_electrical_work": {"accuracy": 0.9817253426498254, "precision": 0.8421052631578947, "recall": 0.7044025157232704, "f1_score": 0.7671232876712328, "sample_count": 3721, "detectability": {"accuracy": 0.7616516762060507, "precision": 0.9991944146079484, "recall": 0.7618755118755118, "f1_score": 0.8645446096654275, "sample_count": 4892}}, "hook_attached": {"accuracy": 0.5887417218543046, "precision": 0.5776699029126213, "recall": 0.9857988165680474, "f1_score": 0.7284652383034543, "sample_count": 1510, "detectability": {"accuracy": 0.7974243663123467, "precision": 0.6762203313927452, "recall": 0.8492688413948256, "f1_score": 0.7529294440289205, "sample_count": 4892}}, "not_carry_heavy": {"accuracy": 0.9125896934116112, "precision": 0.9135559921414538, "recall": 0.9985683607730852, "f1_score": 0.9541723666210671, "sample_count": 1533,