{"is_hot_work": {"accuracy": 0.9689415610952187, "precision": 1.0, "recall": 0.8708581138487681, "f1_score": 0.9309718437783833, "sample_count": 4894, "detectability": {"accuracy": 1.0, "precision": 1.0, "recall": 1.0, "f1_score": 1.0, "sample_count": 4902}}, "hook_attached": {"accuracy": 0.8423120089786756, "precision": 0.8221512247071352, "recall": 0.871331828442438, "f1_score": 0.846027397260274, "sample_count": 1782, "detectability": {"accuracy": 0.9791921664626683, "precision": 0.946865037194474, "recall": 0.9988789237668162, "f1_score": 0.972176759410802, "sample_count": 4902}}, "worker_located_properly": {"accuracy": 0.829736211031175, "precision": 0.9622641509433962, "recall": 0.6035502958579881, "f1_score": 0.7418181818181818, "sample_count": 417, "detectability": {"accuracy": 0.8500611995104039, "precision": 0.9675174013921114, "recall": 0.3664323374340949, "f1_score": 0.5315487571701721, "sample_count": 4902}}, "is_straight_lift": {"accuracy": 1.0, "precision": 1.0, "recall": 1.0, "f1_score": 1.0, "sample_count": 216, "detectability": {"accuracy": 1.0, "precision": 1.0, "recall": 1.0, "f1_score": 1.0, "sample_count": 4902}}, "wearing_helmets": {"accuracy": 0.9887387387387387, "precision": 0.9923739237392374, "recall": 0.995312114483099, "f1_score": 0.9938408474993841, "sample_count": 4440, "detectability": {"accuracy": 0.9186046511627907, "precision": 0.9175449473031618, "recall": 1.0, "f1_score": 0.9569996766892984, "sample_count": 4902}}, "is_object_secured": {"accuracy": 1.0, "precision": 1.0, "recall": 1.0, "f1_score": 1.0, "sample_count": 217, "detectability": {"accuracy": 1.0, "precision": 1.0, "recall": 1.0, "f1_score": 1.0, "sample_count": 4902}}, "acetylene_cylinder_stand_up": {"accuracy": 0.9491525423728814, "precision": 1.0, "recall": 0.5454545454545454, "f1_score": 0.7058823529411765, "sample_count": 295, "detectability": {"accuracy": 0.8343533251733987, "precision": 1.0, "recall": 0.26648599819331525, "f1_score": 0.42082738944365194, "sample_count": 4902}}, "is_confined_space_work": {"accuracy": 0.9679199019207192, "precision": 0.9904306220095693, "recall": 0.5718232044198895, "f1_score": 0.7250437828371279, "sample_count": 4894, "detectability": {"accuracy": 1.0, "precision": 1.0, "recall": 1.0, "f1_score": 1.0, "sample_count": 4902}}, "is_entrance_clear": {"accuracy": 0.8822170900692841, "precision": 0.8440366972477065, "recall": 1.0, "f1_score": 0.9154228855721394, "sample_count": 866, "detectability": {"accuracy": 0.9981640146878825, "precision": 0.9976958525345622, "recall": 0.9919816723940436, "f1_score": 0.9948305571510626, "sample_count": 4902}}, "is_road_closure_operations": {"accuracy": 0.9511447260834015, "precision": 0.5344827586206896, "recall": 0.12757201646090535, "f1_score": 0.2059800664451827, "sample_count": 4892, "detectability": {"accuracy": 0.9991840065279478, "precision": 0.9995913363302003, "recall": 0.9995913363302003, "f1_score": 0.9995913363302003, "sample_count": 4902}}, "holding_rope": {"accuracy": 0.9718093285494618, "precision": 0.9946524064171123, "recall": 0.775, "f1_score": 0.8711943793911007, "sample_count": 1951, "detectability": {"accuracy": 0.9802121583027336, "precision": 0.9989759344598055, "recall": 0.9535679374389052, "f1_score": 0.975743935983996, "sample_count": 4902}}, "is_lifting_operations": {"accuracy": 0.9973436861463016, "precision": 0.0, "recall": 0.0, "f1_score": 0.0, "sample_count": 4894, "detectability": {"accuracy": 1.0, "precision": 1.0, "recall": 1.0, "f1_score": 1.0, "sample_count": 4902}}, "wearing_clothes": {"accuracy": 0.9844113541181945, "precision": 0.9880604288499025, "recall": 0.9955806530812669, "f1_score": 0.9918062859239329, "sample_count": 4298, "detectability": {"accuracy": 0.9498164014687882, "precision": 0.9489953632148377, "recall": 0.996522142360306, "f1_score": 0.9721782402171455, "sample_count": 4902}}, "not_carry_heavy": {"accuracy": 0.9370824053452116, "precision": 0.9304187192118226, "recall": 1.0, "f1_score": 0.9639553429027113, "sample_count": 1796, "detectability": {"accuracy": 0.9961240310077519, "precision": 0.9944629014396457, "recall": 0.9950138504155125, "f1_score": 0.9947382996399889, "sample_count": 4902}}, "is_no_suspended_loads": {"accuracy": 1.0, "precision": 1.0, "recall": 1.0, "f1_score": 1.0, "sample_count": 216, "detectability": {"accuracy": 1.0, "precision": 1.0, "recall": 1.0, "f1_score": 1.0, "sample_count": 4902}}, "is_cabin_empty": {"accuracy": 1.0, "precision": 1.0, "recall": 1.0, "f1_score": 1.0, "sample_count": 216, "detectability": {"accuracy": 1.0, "precision": 1.0, "recall": 1.0, "f1_score": 1.0, "sample_count": 4902}}, "is_high_position": {"accuracy": 0.9022916666666667, "precision": 0.9963985594237695, "recall": 0.6404320987654321, "f1_score": 0.7797087834664161, "sample_count": 4800, "detectability": {"accuracy": 0.985516115871073, "precision": 0.997920997920998, "recall": 0.9874511417403826, "f1_score": 0.9926584634474201, "sample_count": 4902}}, "firefighting": {"accuracy": 0.9997019374068554, "precision": 1.0, "recall": 0.999163179916318, "f1_score": 0.9995814148179154, "sample_count": 3355, "detectability": {"accuracy": 0.9906160750713995, "precision": 0.9899675420478017, "recall": 0.9964359964359965, "f1_score": 0.9931912374185908, "sample_count": 4902}}, "is_safe_distance_maintained": {"accuracy": 1.0, "precision": 1.0, "recall": 1.0, "f1_score": 1.0, "sample_count": 216, "detectability": {"accuracy": 1.0, "precision": 1.0, "recall": 1.0, "f1_score": 1.0, "sample_count": 4902}}, "is_blanking_work": {"accuracy": 0.9995912528101369, "precision": 0.0, "recall": 0.0, "f1_score": 0.0, "sample_count": 4893, "detectability": {"accuracy": 0.9997960016319869, "precision": 0.9997956681651001, "recall": 1.0, "f1_score": 0.9998978236436089, "sample_count": 4902}}, "is_material_storage_safe": {"accuracy": 0.8746518105849582, "precision": 0.7323943661971831, "recall": 0.9369369369369369, "f1_score": 0.8221343873517787, "sample_count": 359, "detectability": {"accuracy": 0.9492044063647491, "precision": 1.0, "recall": 0.5904605263157895, "f1_score": 0.7425025853154085, "sample_count": 4902}}, "is_under_hook_clear": {"accuracy": 1.0, "precision": 1.0, "recall": 1.0, "f1_score": 1.0, "sample_count": 221, "detectability": {"accuracy": 1.0, "precision": 1.0, "recall": 1.0, "f1_score": 1.0, "sample_count": 4902}}, "not_smoking": {"accuracy": 0.9878814109500108, "precision": 0.9878453038674033, "recall": 0.9997763363900694, "f1_score": 0.9937750111160516, "sample_count": 4621, "detectability": {"accuracy": 0.9551203590371277, "precision": 0.9545548440404875, "recall": 1.0, "f1_score": 0.9767491016698372, "sample_count": 4902}}, "supervisor": {"accuracy": 0.9959432048681541, "precision": 1.0, "recall": 0.9905263157894737, "f1_score": 0.9952406134320465, "sample_count": 4437, "detectability": {"accuracy": 0.9789881680946553, "precision": 0.9990993019590182, "recall": 0.9781746031746031, "f1_score": 0.9885262337083658, "sample_count": 4902}}, "are_wires_hung": {"accuracy": 0.8842975206611571, "precision": 0.6444444444444445, "recall": 0.7073170731707317, "f1_score": 0.6744186046511628, "sample_count": 242, "detectability": {"accuracy": 0.9906160750713995, "precision": 0.9641434262948207, "recall": 0.8673835125448028, "f1_score": 0.9132075471698113, "sample_count": 4902}}, "is_hook_properly_used": {"accuracy": 1.0, "precision": 1.0, "recall": 1.0, "f1_score": 1.0, "sample_count": 216, "detectability": {"accuracy": 1.0, "precision": 1.0, "recall": 1.0, "f1_score": 1.0, "sample_count": 4902}}, "is_person_show": {"accuracy": 0.9031040268456376, "precision": 0.9988231832892027, "recall": 0.8811315857773164, "f1_score": 0.9362934362934363, "sample_count": 4768, "detectability": {"accuracy": 0.9875560995512036, "precision": 0.9894168914712596, "recall": 0.9979070740895772, "f1_score": 0.993643847035532, "sample_count": 4902}}, "is_safety_rope_used": {"accuracy": 1.0, "precision": 1.0, "recall": 1.0, "f1_score": 1.0, "sample_count": 216,